class,day,lesson_number,subject
8袘,袩芯薪械写械谢褜薪懈泻,7,袗薪谐谢懈泄褋泻懈泄 褟蟹褘泻
8袘,袩芯薪械写械谢褜薪懈泻,1,袪袨袙
8袘,袩芯薪械写械谢褜薪懈泻,2,袠褋褌芯褉懈褟
8袘,袩芯薪械写械谢褜薪懈泻,3,肖懈蟹懈泻邪
8袘,袩芯薪械写械谢褜薪懈泻,4,袘懈芯谢芯谐懈褟
8袘,袩芯薪械写械谢褜薪懈泻,5,孝械褏薪芯谢芯谐懈褟
8袘,袩芯薪械写械谢褜薪懈泻,6,袗谢谐械斜褉邪
8袘,袙褌芯褉薪懈泻,1,袚械芯屑械褌褉懈褟
8袘,袙褌芯褉薪懈泻,2,袠褋褌芯褉懈褟
8袘,袙褌芯褉薪懈泻,4,啸懈屑懈褟
8袘,袙褌芯褉薪懈泻,3,袨袘袟袪
8袘,袙褌芯褉薪懈泻,5,袘懈芯谢芯谐懈褟
8袘,袙褌芯褉薪懈泻,6,袦邪褌械屑邪褌懈褔械褋泻懈泄 锌褉邪泻褌懈泻褍屑
8袘,袙褌芯褉薪懈泻,7,肖懈蟹懈褔械褋泻邪褟 泻褍谢褜褌褍褉邪
8袘,小褉械写邪,1,袗谢谐械斜褉邪
8袘,小褉械写邪,2,袪褍褋褋泻懈泄 褟蟹褘泻
8袘,小褉械写邪,3,袨斜褖械褋褌胁芯蟹薪邪薪懈械
8袘,小褉械写邪,4,袨褉褎芯谐褉邪褎懈褔械褋泻懈泄 锌褉邪泻褌懈泻褍屑
8袘,小褉械写邪,5,袗薪谐谢懈泄褋泻懈泄 褟蟹褘泻
8袘,小褉械写邪,6,袚械芯谐褉邪褎懈褟
8袘,小褉械写邪,7,袦褍蟹褘泻邪
8袘,小褉械写邪,8,袙袛 _ 锌芯 肖懈蟹懈泻械
8袘,效械褌胁械褉谐,1,孝袙袠小
8袘,效械褌胁械褉谐,2,袚械芯屑械褌褉懈褟
8袘,效械褌胁械褉谐,3,袚械芯谐褉邪褎懈褟
8袘,效械褌胁械褉谐,4,袪褍褋褋泻懈泄 褟蟹褘泻
8袘,效械褌胁械褉谐,5,啸懈屑懈褟
8袘,效械褌胁械褉谐,6,袥懈褌械褉邪褌褍褉邪
8袘,效械褌胁械褉谐,7,袠薪褎芯褉屑邪褌懈泻邪
8袘,效械褌胁械褉谐,8,袙袛 _ 锌芯 袪褍褋褋泻芯屑褍 褟蟹褘泻褍
8袘,袩褟褌薪懈褑邪,1,肖懈蟹懈褔械褋泻邪褟 泻褍谢褜褌褍褉邪
8袘,袩褟褌薪懈褑邪,2,袗薪谐谢懈泄褋泻懈泄 褟蟹褘泻
8袘,袩褟褌薪懈褑邪,3,袪褍褋褋泻懈泄 褟蟹褘泻
8袘,袩褟褌薪懈褑邪,4,袗谢谐械斜褉邪
8袘,袩褟褌薪懈褑邪,5,袥懈褌械褉邪褌褍褉邪
8袘,袩褟褌薪懈褑邪,6,肖懈蟹懈泻邪
8袗,袩芯薪械写械谢褜薪懈泻,1,袪袨袙
8袗,袩芯薪械写械谢褜薪懈泻,2,孝械褏薪芯谢芯谐懈褟
8袗,袩芯薪械写械谢褜薪懈泻,3,袗谢谐械斜褉邪
8袗,袩芯薪械写械谢褜薪懈泻,4,袚械芯谐褉邪褎懈褟
8袗,袩芯薪械写械谢褜薪懈泻,5,袗薪谐谢懈泄褋泻懈泄 褟蟹褘泻
8袗,袩芯薪械写械谢褜薪懈泻,6,袥懈褌械褉邪褌褍褉邪
8袗,袩芯薪械写械谢褜薪懈泻,7,袙袛 _ 袧孝袙袥
8袗,袙褌芯褉薪懈泻,1,袚械芯屑械褌褉懈褟
8袗,袙褌芯褉薪懈泻,2,袨袘袟袪
8袗,袙褌芯褉薪懈泻,3,袗薪谐谢懈泄褋泻懈泄 褟蟹褘泻
8袗,袙褌芯褉薪懈泻,4,肖懈蟹懈泻邪
8袗,袙褌芯褉薪懈泻,5,袚械芯谐褉邪褎懈褟
8袗,袙褌芯褉薪懈泻,6,袪褍褋褋泻懈泄 褟蟹褘泻
8袗,袙褌芯褉薪懈泻,7,袧械屑械褑泻懈泄 褟蟹褘泻/肖褉邪薪蟹褍蟹褋泻懈泄 褟蟹褘泻
8袗,小褉械写邪,1,袗谢谐械斜褉邪
8袗,小褉械写邪,2,孝袙袠小
8袗,小褉械写邪,3,袗薪谐谢懈泄褋泻懈泄 褟蟹褘泻
8袗,小褉械写邪,4,袧械屑械褑泻懈泄 褟蟹褘泻/肖褉邪薪褑褍蟹褋泻懈泄 褟蟹褘泻
8袗,小褉械写邪,5,袠褋褌芯褉懈褟
8袗,小褉械写邪,6,袥懈褌械褉邪褌褍褉邪
8袗,小褉械写邪,7,袘懈芯谢芯谐懈褟
8袗,小褉械写邪,8,袙袛 _ 锌芯 袗薪谐谢懈泄褋泻芯屑褍 褟蟹褘泻褍
8袗,效械褌胁械褉谐,2,袠薪褎芯褉屑邪褌懈泻邪
8袗,效械褌胁械褉谐,3,肖懈蟹懈褔械褋泻邪褟 泻褍谢褜褌褍褉邪
8袗,效械褌胁械褉谐,4,袨斜褖械褋褌胁芯蟹薪邪薪懈械
8袗,效械褌胁械褉谐,5,肖懈蟹懈泻邪
8袗,效械褌胁械褉谐,6,袥懈薪谐胁懈褋褌懈褔械褋泻懈泄 邪薪邪谢懈蟹
8袗,效械褌胁械褉谐,7,啸懈屑懈褟
8袗,效械褌胁械褉谐,8,袙袛 _ 锌芯 袪褍褋褋泻芯屑褍
8袗,效械褌胁械褉谐,1,袪褍褋褋泻懈泄 褟蟹褘泻
8袗,袩褟褌薪懈褑邪,1,袗谢谐械斜褉邪
8袗,袩褟褌薪懈褑邪,2,袠褋褌芯褉懈褟
8袗,袩褟褌薪懈褑邪,3,袗薪谐谢懈泄褋泻懈泄 褟蟹褘泻
8袗,袩褟褌薪懈褑邪,4,袘懈芯谢芯谐懈褟
8袗,袩褟褌薪懈褑邪,5,袪褍褋褋泻懈泄 褟蟹褘泻
8袗,袩褟褌薪懈褑邪,6,啸懈屑懈褟
8袗,袩褟褌薪懈褑邪,7,袚械芯屑械褌褉懈褟
8袦,袩芯薪械写械谢褜薪懈泻,1,袪袨袙
8袦,袩芯薪械写械谢褜薪懈泻,2,袗谢谐械斜褉邪
8袦,袩芯薪械写械谢褜薪懈泻,3,袗薪谐谢懈泄褋泻懈泄 褟蟹褘泻
8袦,袩芯薪械写械谢褜薪懈泻,4,袗谢谐械斜褉邪
8袦,袩芯薪械写械谢褜薪懈泻,5,袠薪褎芯褉屑邪褌懈泻邪
8袦,袩芯薪械写械谢褜薪懈泻,6,袩褉芯谐褉邪屑屑懈褉芯胁邪薪懈械
8袦,袩芯薪械写械谢褜薪懈泻,7,袚械芯谐褉邪褎懈褟
8袦,袩芯薪械写械谢褜薪懈泻,8,袙袛 _ 肖懈薪邪薪褋芯胁邪褟 谐褉邪屑芯褌薪芯褋褌褜
8袦,袙褌芯褉薪懈泻,1,袨袘袟袪
8袦,袙褌芯褉薪懈泻,2,啸懈屑懈褟
8袦,袙褌芯褉薪懈泻,3,袘懈芯谢芯谐懈褟
8袦,袙褌芯褉薪懈泻,4,袚械芯屑械褌褉懈褟
8袦,袙褌芯褉薪懈泻,5,袨斜褖械褋褌胁芯蟹薪邪薪懈械
8袦,袙褌芯褉薪懈泻,6,孝袙袠小
8袦,袙褌芯褉薪懈泻,7,袥懈褌械褉邪褌褍褉邪
8袦,袙褌芯褉薪懈泻,8,袙袛 _ 袪褍褋褋泻懈泄 褟蟹褘泻
8袦,小褉械写邪,1,肖懈蟹懈泻邪
8袦,小褉械写邪,2,袪褍褋褋泻懈泄 褟蟹褘泻
8袦,小褉械写邪,3,袪褍褋褋泻懈泄 褟蟹褘泻
8袦,小褉械写邪,4,袗谢谐械斜褉邪
8袦,小褉械写邪,5,袗谢谐械斜褉邪
8袦,小褉械写邪,6,袗薪谐谢懈泄褋泻懈泄 褟蟹褘泻
8袦,小褉械写邪,7,袙袛 _ 袗薪谐谢懈泄褋泻芯屑褍 褟蟹褘泻褍
8袦,效械褌胁械褉谐,1,肖懈蟹懈泻邪
8袦,效械褌胁械褉谐,2,肖懈蟹懈褔械褋泻邪褟 泻褍谢褜褌褍褉邪
8袦,效械褌胁械褉谐,3,袚械芯屑械褌褉懈褟
8袦,效械褌胁械褉谐,4,袚械芯屑械褌褉懈褟
8袦,效械褌胁械褉谐,5,袠褋褌芯褉懈褟
8袦,效械褌胁械褉谐,6,袥懈褌械褉邪褌褍褉邪
8袦,效械褌胁械褉谐,7,孝械褏薪芯谢芯谐懈褟
8袦,效械褌胁械褉谐,8,袙袛 _ 袪褍褋褋泻懈泄 褟蟹褘泻
8袦,袩褟褌薪懈褑邪,1,袘懈芯谢芯谐懈褟
8袦,袩褟褌薪懈褑邪,2,袗薪谐谢懈泄褋泻懈泄 褟蟹褘泻
8袦,袩褟褌薪懈褑邪,3,袪褍褋褋泻懈泄 褟蟹褘泻
8袦,袩褟褌薪懈褑邪,4,啸懈屑懈褟
8袦,袩褟褌薪懈褑邪,5,袚械芯谐褉邪褎懈褟
8袦,袩褟褌薪懈褑邪,6,袠褋褌芯褉懈褟
8袦,袩褟褌薪懈褑邪,7,孝袙袠小
9袗,袩芯薪械写械谢褜薪懈泻,1,袪袨袙
9袗,袩芯薪械写械谢褜薪懈泻,2,袪褍褋褋泻懈泄 褟蟹褘泻
9袗,袩芯薪械写械谢褜薪懈泻,3,袥懈褌械褉邪褌褍褉邪
9袗,袩芯薪械写械谢褜薪懈泻,4,袨斜褖械褋褌胁芯蟹薪邪薪懈械
9袗,袩芯薪械写械谢褜薪懈泻,5,袗薪谐谢懈泄褋泻懈泄 褟蟹褘泻
9袗,袙褌芯褉薪懈泻,1,肖懈蟹懈泻邪
9袗,袙褌芯褉薪懈泻,2,袗谢谐械斜褉邪
9袗,袙褌芯褉薪懈泻,3,袠褋褌芯褉懈褟
9袗,袙褌芯褉薪懈泻,4,袨袘袟袪
9袗,袙褌芯褉薪懈泻,5,袥懈褌械褉邪褌褍褉邪
9袗,袙褌芯褉薪懈泻,6,袘懈芯谢芯谐懈褟
9袗,袙褌芯褉薪懈泻,7,袪褍褋褋泻懈泄 褟蟹褘泻
9袗,小褉械写邪,1,袚械芯谐褉邪褎懈褟
9袗,小褉械写邪,2,袗谢谐械斜褉邪
9袗,小褉械写邪,3,袚械芯屑械褌褉懈褟
9袗,小褉械写邪,4,肖懈蟹懈泻邪
9袗,小褉械写邪,5,袗薪谐谢懈泄褋泻懈泄 褟蟹褘泻
9袗,小褉械写邪,6,袠薪褎芯褉屑邪褌懈泻邪
9袗,小褉械写邪,7,啸懈屑懈褟
9袗,效械褌胁械褉谐,1,啸懈屑懈褟
9袗,效械褌胁械褉谐,2,袥懈褌械褉邪褌褍褉邪
9袗,效械褌胁械褉谐,3,袗谢谐械斜褉邪
9袗,效械褌胁械褉谐,4,袘懈芯谢芯谐懈褟
9袗,效械褌胁械褉谐,5,袚械芯屑械褌褉懈褟
9袗,效械褌胁械褉谐,6,孝袙袠小
9袗,效械褌胁械褉谐,7,袠褋褌芯褉懈褟
9袗,效械褌胁械褉谐,8,袙袛 _ 袨褋薪芯胁褘 泻芯屑屑褍薪懈泻邪褑懈泄
9袗,袩褟褌薪懈褑邪,1,袠褋褌芯褉懈褟
9袗,袩褟褌薪懈褑邪,2,袠薪褎芯褉屑邪褌懈泻邪
9袗,袩褟褌薪懈褑邪,3,袘懈芯谢芯谐懈褟
9袗,袩褟褌薪懈褑邪,4,袪褍褋褋泻懈泄 褟蟹褘泻
9袗,袩褟褌薪懈褑邪,5,袗薪谐谢懈泄褋泻懈泄 褟蟹褘泻
9袗,袩褟褌薪懈褑邪,6,袚械芯屑械褌褉懈褟
9袗,袩褟褌薪懈褑邪,7,
9袗,袩褟褌薪懈褑邪,8,袙袛 _ 袦邪褌械屑邪褌懈泻邪
9袦,袩芯薪械写械谢褜薪懈泻,1,袪袨袙
9袦,袩芯薪械写械谢褜薪懈泻,2,袪褍褋褋泻懈泄 褟蟹褘泻
9袦,袩芯薪械写械谢褜薪懈泻,3,肖懈蟹懈泻邪
9袦,袩芯薪械写械谢褜薪懈泻,4,袘懈芯谢芯谐懈褟
9袦,袩芯薪械写械谢褜薪懈泻,5,袠褋褌芯褉懈褟
9袦,袩芯薪械写械谢褜薪懈泻,6,袗谢谐械斜褉邪
9袦,袩芯薪械写械谢褜薪懈泻,7,
9袦,袙褌芯褉薪懈泻,1,袗薪谐谢懈泄褋泻懈泄 褟蟹褘泻
9袦,袙褌芯褉薪懈泻,2,袪褍褋褋泻懈泄 褟蟹褘泻
9袦,袙褌芯褉薪懈泻,3,袘懈芯谢芯谐懈褟
9袦,袙褌芯褉薪懈泻,4,袨袘袟袪
9袦,袙褌芯褉薪懈泻,5,袚械芯屑械褌褉懈褟
9袦,袙褌芯褉薪懈泻,6,啸懈屑懈褟
9袦,袙褌芯褉薪懈泻,7,袥懈褌械褉邪褌褍褉邪
9袦,小褉械写邪,1,袪褍褋褋泻懈泄 褟蟹褘泻
9袦,小褉械写邪,2,袨斜褖械褋褌胁芯蟹薪邪薪懈械
9袦,小褉械写邪,3,袗谢谐械斜褉邪
9袦,小褉械写邪,4,孝褉褍写 (褌械褏薪芯谢芯谐懈褟)
9袦,小褉械写邪,5,袗谢谐械斜褉邪
9袦,小褉械写邪,6,袗薪谐谢懈泄褋泻懈泄 褟蟹褘泻
9袦,小褉械写邪,7,袚械芯谐褉邪褎懈褟
9袦,小褉械写邪,8,袙袛 _ 袪褍褋褋泻懈泄 褟蟹褘泻
9袦,效械褌胁械褉谐,1,孝袙懈小
9袦,效械褌胁械褉谐,2,袠褋褌芯褉懈褟
9袦,效械褌胁械褉谐,3,袗薪谐谢懈泄褋泻懈泄 褟蟹褘泻
9袦,效械褌胁械褉谐,4,肖懈蟹懈泻邪
9袦,效械褌胁械褉谐,5,袥懈褌械褉邪褌褍褉邪
9袦,效械褌胁械褉谐,6,袚械芯屑械褌褉懈褟
9袦,效械褌胁械褉谐,7,袚械芯屑械褌褉懈褟
9袦,袩褟褌薪懈褑邪,1,袠薪褎芯褉屑邪褌懈泻邪
9袦,袩褟褌薪懈褑邪,2,袚械芯谐褉邪褎懈褟
9袦,袩褟褌薪懈褑邪,3,袗谢谐械斜褉邪
9袦,袩褟褌薪懈褑邪,4,肖懈蟹-褉邪
9袦,袩褟褌薪懈褑邪,5,袗谢谐械斜褉邪
9袦,袩褟褌薪懈褑邪,6,啸懈屑懈褟
9袦,袩褟褌薪懈褑邪,7,肖懈蟹懈泻邪
10袗,袩芯薪械写械谢褜薪懈泻,2,袠褋褌芯褉懈褟
10袗,袩芯薪械写械谢褜薪懈泻,3,袦邪褌械屑邪褌懈泻邪
10袗,袩芯薪械写械谢褜薪懈泻,4,袦邪褌械屑邪褌懈泻邪
10袗,袩芯薪械写械谢褜薪懈泻,5,袗薪谐谢懈泄褋泻懈泄 褟蟹褘泻
10袗,袩芯薪械写械谢褜薪懈泻,6,肖懈蟹懈泻邪
10袗,袩芯薪械写械谢褜薪懈泻,7,肖懈蟹懈泻邪
10袗,袙褌芯褉薪懈泻,1,啸懈屑懈褟
10袗,袙褌芯褉薪懈泻,2,袦邪褌械屑邪褌懈泻邪
10袗,袙褌芯褉薪懈泻,3,袦邪褌械屑邪褌懈泻邪
10袗,袙褌芯褉薪懈泻,4,袗薪谐谢懈泄褋泻懈泄 褟蟹褘泻
10袗,袙褌芯褉薪懈泻,5,袨袘袟袪
10袗,袙褌芯褉薪懈泻,6,袨斜褖械褋褌胁芯蟹薪邪薪懈械
10袗,袙褌芯褉薪懈泻,7,袣袗孝/袦邪褌械屑邪褌懈泻邪
10袗,小褉械写邪,1,袠袩
10袗,小褉械写邪,2,袪褍褋褋泻懈泄 褟蟹褘泻
10袗,小褉械写邪,3,袪褍褋褋泻懈泄 褟蟹褘泻
10袗,小褉械写邪,4,袗薪谐谢懈泄褋泻懈泄 褟蟹褘泻/协泻芯薪芯屑懈泻邪/肖懈蟹懈泻邪
10袗,小褉械写邪,5,肖懈蟹懈褔械褋泻邪褟 泻褍谢褜褌褍褉邪
10袗,小褉械写邪,6,孝袙袠小
10袗,小褉械写邪,7,袗薪谐谢懈泄褋泻懈泄 褟蟹褘泻
10袗,效械褌胁械褉谐,1,袘懈芯谢芯谐懈褟
10袗,效械褌胁械褉谐,2,袥懈褌械褉邪褌褍褉邪
10袗,效械褌胁械褉谐,3,袩袪 _ 袠褋褌芯褉懈褟/袦邪褌械屑邪褌懈泻邪
10袗,效械褌胁械褉谐,4,袩袪 _ 袠褋褌芯褉懈褟/袦邪褌械屑邪褌懈泻邪
10袗,效械褌胁械褉谐,5,袚械芯谐褉邪褎懈褟
10袗,效械褌胁械褉谐,6,袗薪谐谢懈泄褋泻懈泄 携蟹褘泻/袨袩袛/肖懈蟹懈泻邪
10袗,效械褌胁械褉谐,7,肖懈蟹懈褔械褋泻邪褟 泻褍谢褜褌褍褉邪
10袗,效械褌胁械褉谐,8,袙袛 _ 袪褍褋褋泻懈泄 褟蟹褘泻
10袗,袩褟褌薪懈褑邪,1,袥懈褌械褉邪褌褍褉邪
10袗,袩褟褌薪懈褑邪,2,袥懈褌械褉邪褌褍褉邪
10袗,袩褟褌薪懈褑邪,3,袨斜褖械褋褌胁芯蟹薪邪薪懈械/袩褉芯谐褉邪屑屑懈褉芯胁邪薪懈械
10袗,袩褟褌薪懈褑邪,4,袠褋褌芯褉懈褟
10袗,袩褟褌薪懈褑邪,5,袨斜褖械褋褌胁芯蟹薪邪薪懈械
10袗,袩褟褌薪懈褑邪,6,袨斜褖械褋褌胁芯蟹薪邪薪懈械
10袗,袩褟褌薪懈褑邪,7,袠薪褎芯褉屑邪褌懈泻邪
11袗,袩芯薪械写械谢褜薪懈泻,1,袙袨袛
11袗,袩芯薪械写械谢褜薪懈泻,2,袗薪谐谢懈泄褋泻懈泄 褟蟹褘泻
11袗,袩芯薪械写械谢褜薪懈泻,3,袘懈芯谢芯谐懈褟
11袗,袩芯薪械写械谢褜薪懈泻,4,袨斜褖械褋褌胁芯蟹薪邪薪懈械
11袗,袩芯薪械写械谢褜薪懈泻,5,袨斜褖械褋褌胁芯蟹薪邪薪懈械
11袗,袩芯薪械写械谢褜薪懈泻,6,袪褍褋褋泻懈泄 褟蟹褘泻
11袗,袩芯薪械写械谢褜薪懈泻,7,袠褋褌芯褉懈褟
11袗,袙褌芯褉薪懈泻,1,袣袗孝/袨袩袛
11袗,袙褌芯褉薪懈泻,2,袥懈褌械褉邪褌褍褉邪
11袗,袙褌芯褉薪懈泻,3,袥懈褌械褉邪褌褍褉邪
11袗,袙褌芯褉薪懈泻,4,袥懈褌械褉邪褌褍褉邪
11袗,袙褌芯褉薪懈泻,5,袦邪褌械屑邪褌懈泻邪
11袗,袙褌芯褉薪懈泻,6,袗薪谐谢懈泄褋泻懈泄 褟蟹褘泻
11袗,袙褌芯褉薪懈泻,7,袠薪褎芯褉屑邪褌懈泻邪
11袗,小褉械写邪,1,袚械芯谐褉邪褎懈褟
11袗,小褉械写邪,2,袨袘袟袪
11袗,小褉械写邪,3,袗薪谐谢懈泄褋泻懈泄 褟蟹褘泻
11袗,小褉械写邪,4,袗薪谐谢懈泄褋泻懈泄 褟蟹褘泻
11袗,小褉械写邪,5,袥懈褌械褉邪褌褍褉邪
11袗,小褉械写邪,6,肖懈蟹懈泻邪
11袗,小褉械写邪,7,袦邪褌械屑邪褌懈泻邪
11袗,效械褌胁械褉谐,1,协泻芯薪/袩袪 _ 袠褋褌芯褉懈褟
11袗,效械褌胁械褉谐,2,协泻芯薪/袩袪 _ 袠褋褌芯褉懈褟
11袗,效械褌胁械褉谐,3,袦邪褌械屑邪褌懈泻邪
11袗,效械褌胁械褉谐,4,袨斜褖械褋褌胁芯蟹薪邪薪懈械
11袗,效械褌胁械褉谐,5,肖懈蟹懈泻邪
11袗,效械褌胁械褉谐,6,袗薪谐谢懈泄褋泻懈泄 褟蟹褘泻
11袗,效械褌胁械褉谐,7,袨斜褖械褋褌胁芯蟹薪邪薪懈械
11袗,袩褟褌薪懈褑邪,1,袦邪褌械屑邪褌懈泻邪
11袗,袩褟褌薪懈褑邪,2,袪褍褋褋泻懈泄 褟蟹褘泻
11袗,袩褟褌薪懈褑邪,3,袦邪褌械屑邪褌懈泻邪
11袗,袩褟褌薪懈褑邪,4,袠褋褌芯褉懈褟
11袗,袩褟褌薪懈褑邪,5,啸懈屑懈褟
11袗,袩褟褌薪懈褑邪,6,肖懈蟹懈褔械褋泻邪褟 泻褍谢褜褌褍褉邪
11袗,袩褟褌薪懈褑邪,7,肖懈蟹懈褔械褋泻邪褟 泻褍谢褜褌褍褉邪
11袦,袩芯薪械写械谢褜薪懈泻,1,袪袨袙
11袦,袩芯薪械写械谢褜薪懈泻,2,袠薪褎芯褉屑邪褌懈泻邪
11袦,袩芯薪械写械谢褜薪懈泻,3,肖懈蟹懈泻邪
11袦,袩芯薪械写械谢褜薪懈泻,4,肖懈蟹懈泻邪
11袦,袩芯薪械写械谢褜薪懈泻,5,袗谢谐械斜褉邪
11袦,袩芯薪械写械谢褜薪懈泻,6,袨斜褖械褋褌胁芯蟹薪邪薪懈械
11袦,袩芯薪械写械谢褜薪懈泻,7,袗薪谐谢懈泄褋泻懈泄 褟蟹褘泻
11袦,袙褌芯褉薪懈泻,1,袗薪谐谢懈泄褋泻懈泄 褟蟹褘泻
11袦,袙褌芯褉薪懈泻,2,袗谢谐械斜褉邪
11袦,袙褌芯褉薪懈泻,3,袗谢谐械斜褉邪
11袦,袙褌芯褉薪懈泻,4,袪褍褋褋泻懈泄 褟蟹褘泻
11袦,袙褌芯褉薪懈泻,5,袪褍褋褋泻懈泄 褟蟹褘泻
11袦,袙褌芯褉薪懈泻,6,袠褋褌芯褉懈褟
11袦,袙褌芯褉薪懈泻,7,袚械芯屑械褌褉懈褟
11袦,小褉械写邪,1,袨袘袟袪
11袦,小褉械写邪,2,孝袙袠小
11袦,小褉械写邪,3,肖懈蟹懈泻邪
11袦,小褉械写邪,4,肖懈蟹懈泻邪
11袦,小褉械写邪,5,袚械芯谐褉邪褎懈褟
11袦,小褉械写邪,6,袥懈褌械褉邪褌褍褉邪
11袦,小褉械写邪,7,袥懈褌械褉邪褌褍褉邪
11袦,效械褌胁械褉谐,1,袚械芯屑械褌褉懈褟
11袦,效械褌胁械褉谐,2,袚械芯屑械褌褉懈褟
11袦,效械褌胁械褉谐,3,袘懈芯谢芯谐懈褟
11袦,效械褌胁械褉谐,4,啸懈屑懈褟
11袦,效械褌胁械褉谐,5,袗薪谐谢懈泄褋泻懈泄 褟蟹褘泻
11袦,效械褌胁械褉谐,6,袗谢谐械斜褉邪
11袦,效械褌胁械褉谐,7,袥懈褌械褉邪褌褍褉邪
11袦,效械褌胁械褉谐,8,袙袛 _ 袪褍褋褋泻懈泄 褟蟹褘泻
11袦,袩褟褌薪懈褑邪,1,袩褉芯谐褉邪屑屑懈褉芯胁邪薪懈械
11袦,袩褟褌薪懈褑邪,2,袩褉芯谐褉邪屑屑懈褉芯胁邪薪懈械
11袦,袩褟褌薪懈褑邪,3,袠褋褌芯褉懈褟
11袦,袩褟褌薪懈褑邪,4,袨斜褖械褋褌胁芯蟹薪邪薪懈械
11袦,袩褟褌薪懈褑邪,5,肖懈蟹懈泻邪
11袦,袩褟褌薪懈褑邪,6,肖懈蟹懈褔械褋泻邪褟 泻褍谢褜褌褍褉邪
11袦,袩褟褌薪懈褑邪,7,肖懈蟹懈褔械褋泻邪褟 泻褍谢褜褌褍褉邪
11袦,袩褟褌薪懈褑邪,8,袙袛 _ 袪褍褋褋泻懈泄 褟蟹褘泻
7袦,袩芯薪械写械谢褜薪懈泻,1,袪袨袙
7袦,袩芯薪械写械谢褜薪懈泻,2,袠薪褎芯褉屑邪褌懈泻邪
7袦,袩芯薪械写械谢褜薪懈泻,3,袩褉芯谐褉邪屑屑懈褉芯胁邪薪懈械
7袦,袩芯薪械写械谢褜薪懈泻,4,孝械褏薪芯谢芯谐懈褟
7袦,袩芯薪械写械谢褜薪懈泻,5,肖懈蟹懈泻邪
7袦,袩芯薪械写械谢褜薪懈泻,6,袪褍褋褋泻懈泄 褟蟹褘泻
7袦,袩芯薪械写械谢褜薪懈泻,7,袚械芯屑械褌褉懈褟
7袦,袩芯薪械写械谢褜薪懈泻,8,袙袛 _ 袩芯 褎懈蟹懈泻械
7袦,袙褌芯褉薪懈泻,3,肖懈蟹懈褔械褋泻邪褟 泻褍谢褜褌褍褉邪
7袦,袙褌芯褉薪懈泻,4,袚械芯屑械褌褉懈褟
7袦,袙褌芯褉薪懈泻,5,孝袙袠小
7袦,袙褌芯褉薪懈泻,6,袗薪谐谢懈泄褋泻懈泄 褟蟹褘泻
7袦,袙褌芯褉薪懈泻,7,袠褋褌芯褉懈褟
7袦,袙褌芯褉薪懈泻,8,袙袛 _ 锌芯 袪褍褋褋泻芯屑褍 褟蟹褘泻
7袦,小褉械写邪,1,袗谢谐械斜褉邪
7袦,小褉械写邪,2,袗谢谐械斜褉邪
7袦,小褉械写邪,3,袘懈芯谢芯谐懈褟
7袦,小褉械写邪,4,袚械芯谐褉邪褎懈褟
7袦,小褉械写邪,5,肖懈蟹懈泻邪
7袦,小褉械写邪,6,袙袛 _ 肖懈薪邪薪褋芯胁邪褟 谐褉邪屑芯褌薪芯褋褌褜
7袦,袙褌芯褉薪懈泻,2,袪褍褋褋泻懈泄 褟蟹褘泻
7袦,袙褌芯褉薪懈泻,1,袪褍褋褋泻懈泄 褟蟹褘泻
7袦,效械褌胁械褉谐,1,孝械褏薪芯谢芯谐懈褟
7袦,效械褌胁械褉谐,2,袥懈褌械褉邪褌褍褉邪
7袦,效械褌胁械褉谐,3,袨斜褖械褋褌胁芯蟹薪邪薪懈械
7袦,效械褌胁械褉谐,4,袗薪谐谢懈泄褋泻懈泄 褟蟹褘泻
7袦,效械褌胁械褉谐,5,袚械芯屑械褌褉懈褟
7袦,效械褌胁械褉谐,6,袠褋褌芯褉懈褟
7袦,效械褌胁械褉谐,7,袥懈褌械褉邪褌褍褉邪
7袦,效械褌胁械褉谐,8,袙袛 _ 袗薪谐谢懈泄褋泻懈泄 褟蟹褘泻
7袦,袩褟褌薪懈褑邪,1,孝袙袠小
7袦,袩褟褌薪懈褑邪,2,袗谢谐械斜褉邪
7袦,袩褟褌薪懈褑邪,3,袗薪谐谢懈泄褋泻懈泄 褟蟹褘泻
7袦,袩褟褌薪懈褑邪,4,袪褍褋褋泻懈泄 褟蟹褘泻
7袦,袩褟褌薪懈褑邪,5,肖懈蟹懈褔械褋泻邪褟 泻褍谢褜褌褍褉邪
7袦,袩褟褌薪懈褑邪,6,袗谢谐械斜褉邪
7袦,袩褟褌薪懈褑邪,7,袚械芯谐褉邪褎懈褟
7袠孝,袩芯薪械写械谢褜薪懈泻,1,袪袨袙
7袠孝,袩芯薪械写械谢褜薪懈泻,2,袪褍褋褋泻懈泄 褟蟹褘泻
7袠孝,袩芯薪械写械谢褜薪懈泻,3,袗谢谐械斜褉邪
7袠孝,袩芯薪械写械谢褜薪懈泻,4,袩褉芯谐褉邪屑屑懈褉芯胁邪薪懈械
7袠孝,袩芯薪械写械谢褜薪懈泻,5,袨斜褖械褋褌胁芯蟹薪邪薪懈械
7袠孝,袩芯薪械写械谢褜薪懈泻,6,袗薪谐谢懈泄褋泻懈泄 褟蟹褘泻
7袠孝,袙褌芯褉薪懈泻,1,袚械芯屑械褌褉懈褟
7袠孝,袙褌芯褉薪懈泻,2,袠薪褎芯褉屑邪褌懈泻邪
7袠孝,袙褌芯褉薪懈泻,3,袠褋褌芯褉懈褟
7袠孝,袙褌芯褉薪懈泻,4,袘懈芯谢芯谐懈褟
7袠孝,袙褌芯褉薪懈泻,5,肖懈蟹懈泻邪
7袠孝,袙褌芯褉薪懈泻,6,肖懈蟹懈泻邪
7袠孝,袙褌芯褉薪懈泻,7,孝械褏薪芯谢芯谐懈褟
7袠孝,袙褌芯褉薪懈泻,8,袙袛 _ 袗薪谐谢懈泄褋泻懈泄 褟蟹褘泻
7袠孝,小褉械写邪,1,袗谢谐械斜褉邪
7袠孝,小褉械写邪,2,肖懈蟹懈泻邪
7袠孝,小褉械写邪,3,袚械芯谐褉邪褎懈褟
7袠孝,小褉械写邪,4,袥懈褌械褉邪褌褍褉邪
7袠孝,小褉械写邪,5,袗薪谐谢懈泄褋泻懈泄 褟蟹褘泻
7袠孝,小褉械写邪,6,肖懈蟹懈褔械褋泻邪褟 泻褍谢褜褌褍褉邪
7袠孝,效械褌胁械褉谐,1,肖懈蟹懈褔械褋泻邪褟 泻褍谢褜褌褍褉邪
7袠孝,效械褌胁械褉谐,2,袗薪谐谢懈泄褋泻懈泄 褟蟹褘泻
7袠孝,效械褌胁械褉谐,3,袪褍褋褋泻懈泄 褟蟹褘泻
7袠孝,效械褌胁械褉谐,4,袪褍褋褋泻懈泄 褟蟹褘泻
7袠孝,效械褌胁械褉谐,5,袚械芯屑械褌褉懈褟
7袠孝,效械褌胁械褉谐,6,袠薪褎芯褉屑邪褌懈泻邪
7袠孝,效械褌胁械褉谐,7,孝械褏薪芯谢芯谐懈褟
7袠孝,袩褟褌薪懈褑邪,1,袥懈褌械褉邪褌褍褉邪
7袠孝,袩褟褌薪懈褑邪,2,袗谢谐械斜褉邪
7袠孝,袩褟褌薪懈褑邪,3,袗谢谐械斜褉邪
7袠孝,袩褟褌薪懈褑邪,4,袚械芯谐褉邪褎懈褟
7袠孝,袩褟褌薪懈褑邪,5,袪褍褋褋泻懈泄 褟蟹褘泻
7袠孝,袩褟褌薪懈褑邪,6,孝袙袠小
7袠孝,袩褟褌薪懈褑邪,7,袠褋褌芯褉懈褟
7袠孝,袩褟褌薪懈褑邪,8,袙袛 _ 袪褍褋褋泻懈泄 褟蟹褘泻
7袘,袩芯薪械写械谢褜薪懈泻,1,袪袨袙
10袗,袩芯薪械写械谢褜薪懈泻,1,袪袨袙
7袘,袩芯薪械写械谢褜薪懈泻,2,袚械芯谐褉邪褎懈褟
7袘,袩芯薪械写械谢褜薪懈泻,3,袪褍褋褋泻懈泄 褟蟹褘泻
7袘,袩芯薪械写械谢褜薪懈泻,4,袗谢谐械斜褉邪
7袘,袩芯薪械写械谢褜薪懈泻,5,袠袟袨
7袘,袩芯薪械写械谢褜薪懈泻,6,袠褋褌芯褉懈褟
7袘,袩芯薪械写械谢褜薪懈泻,7,袥懈褌械褉邪褌褍褉邪
7袘,袩芯薪械写械谢褜薪懈泻,8,袙袛 _ 肖懈蟹懈泻邪
7袘,袙褌芯褉薪懈泻,1,袠褋褌芯褉懈褟
7袘,袙褌芯褉薪懈泻,2,袚械芯屑械褌褉懈褟
7袘,袙褌芯褉薪懈泻,3,袠薪褎芯褉屑邪褌懈泻邪
7袘,袙褌芯褉薪懈泻,4,袪褍褋褋泻懈泄 褟蟹褘泻
7袘,袙褌芯褉薪懈泻,5,袗薪谐谢懈泄褋泻懈泄 褟蟹褘泻
7袘,袙褌芯褉薪懈泻,6,肖懈蟹懈褔械褋泻邪褟 泻褍谢褜褌褍褉邪
7袘,袙褌芯褉薪懈泻,7,袨斜褖械褋褌胁芯蟹薪邪薪懈械
7袘,小褉械写邪,1,袪褍褋褋泻懈泄 褟蟹褘泻
7袘,小褉械写邪,2,肖懈蟹懈泻邪
7袘,小褉械写邪,3,袗谢谐械斜褉邪
7袘,小褉械写邪,4,孝械褏薪芯谢芯谐懈褟
7袘,小褉械写邪,5,袨褉褎芯谐褉邪褎懈褔械褋泻懈泄 锌褉邪泻褌懈泻褍屑
7袘,小褉械写邪,6,袦褍蟹褘泻邪
7袘,小褉械写邪,7,袦邪褌械屑邪褌懈褔械褋泻懈泄 锌褉邪泻褌懈泻褍屑
7袘,效械褌胁械褉谐,1,袚械芯谐褉邪褎懈褟
7袘,效械褌胁械褉谐,2,肖懈蟹懈褔械褋泻邪褟 泻褍谢褜褌褍褉邪
7袘,效械褌胁械褉谐,3,袚械芯屑械褌褉懈褟
7袘,效械褌胁械褉谐,4,袗薪谐谢懈泄褋泻懈泄 褟蟹褘泻
7袘,效械褌胁械褉谐,5,袘懈芯谢芯谐懈褟
7袘,效械褌胁械褉谐,6,
7袘,效械褌胁械褉谐,7,袙袛 _ 袪芯褋褋懈褟
7袘,袩褟褌薪懈褑邪,1,袪褍褋褋泻懈泄 褟蟹褘泻
7袘,袩褟褌薪懈褑邪,2,肖懈蟹懈泻邪
7袘,袩褟褌薪懈褑邪,3,袥懈褌械褉邪褌褍褉邪
7袘,袩褟褌薪懈褑邪,4,袗薪谐谢懈泄褋泻懈泄 褟蟹褘泻
7袘,袩褟褌薪懈褑邪,5,袗谢谐械斜褉邪
7袘,袩褟褌薪懈褑邪,6,孝袙袠小
7袘,袩褟褌薪懈褑邪,7,孝械褏薪芯谢芯谐懈褟
7袗,袩芯薪械写械谢褜薪懈泻,1,袪袨袙
7袗,袩芯薪械写械谢褜薪懈泻,2,袗谢谐械斜褉邪
7袗,袩芯薪械写械谢褜薪懈泻,3,袗薪谐谢懈泄褋泻懈泄 褟蟹褘泻
7袗,袩芯薪械写械谢褜薪懈泻,4,袧械屑械褑泻懈泄/肖褉邪薪褑褍蟹褋泻懈泄/袠褋锌邪薪褋泻懈泄
7袗,袩芯薪械写械谢褜薪懈泻,5,袚械芯谐褉邪褎懈褟
7袗,袩芯薪械写械谢褜薪懈泻,6,袗谢谐械斜褉邪
7袗,袩芯薪械写械谢褜薪懈泻,7,袥懈褌械褉邪褌褍褉邪
7袗,袩芯薪械写械谢褜薪懈泻,8,袙袛 _ 肖懈蟹懈泻邪
7袗,袙褌芯褉薪懈泻,1,袠薪褎芯褉屑邪褌懈泻邪
7袗,袙褌芯褉薪懈泻,2,孝械褏薪芯谢芯谐懈褟
7袗,袙褌芯褉薪懈泻,3,袗薪谐谢懈泄褋泻懈泄 褟蟹褘泻
7袗,袙褌芯褉薪懈泻,4,袠褋褌芯褉懈褟
7袗,袙褌芯褉薪懈泻,5,袪褍褋褋泻懈泄 褟蟹褘泻
7袗,袙褌芯褉薪懈泻,6,袚械芯屑械褌褉懈褟
7袗,袙褌芯褉薪懈泻,7,袚械芯谐褉邪褎懈褟
7袗,小褉械写邪,1,肖懈蟹懈褔械褋泻邪褟 泻褍谢褜褌褍褉邪
7袗,小褉械写邪,2,袪褍褋褋泻懈泄 褟蟹褘泻
7袗,小褉械写邪,3,袥懈褌械褉邪褌褍褉邪
7袗,小褉械写邪,4,袘懈芯谢芯谐懈褟
7袗,小褉械写邪,5,袨斜褖械褋褌胁芯蟹薪邪薪懈械
7袗,小褉械写邪,6,袗薪谐谢懈泄褋泻懈泄 褟蟹褘泻
7袗,小褉械写邪,7,袠褋褌芯褉懈褟
7袗,小褉械写邪,8,袙袛 _ 袨.袧.
7袗,效械褌胁械褉谐,1,孝袙袠小
7袗,效械褌胁械褉谐,2,孝械褏薪芯谢芯谐懈褟
7袗,效械褌胁械褉谐,3,袪褍褋褋泻懈泄 褟蟹褘泻
7袗,效械褌胁械褉谐,4,袚械芯屑械褌褉懈褟
7袗,效械褌胁械褉谐,5,袗薪谐谢懈泄褋泻懈泄 褟蟹褘泻
7袗,效械褌胁械褉谐,6,袧械屑械褑泻懈泄/肖褉邪薪褑褍蟹褋泻懈泄/袠褋锌邪薪褋泻懈泄
7袗,效械褌胁械褉谐,7,肖懈蟹懈泻邪
7袗,效械褌胁械褉谐,8,袙袛 _ 袩芯写胁懈卸薪褘械 懈谐褉褘
7袗,袩褟褌薪懈褑邪,1,袗薪谐谢懈泄褋泻懈泄 褟蟹褘泻
7袗,袩褟褌薪懈褑邪,2,袪褍褋褋泻懈泄 褟蟹褘泻
7袗,袩褟褌薪懈褑邪,3,袗谢谐械斜褉邪
7袗,袩褟褌薪懈褑邪,4,肖懈蟹懈泻邪
7袗,袩褟褌薪懈褑邪,5,携蟹褘泻 懈 泻褍谢褜褌褍褉邪
7袗,袩褟褌薪懈褑邪,6,袙袛 _ 袠薪芯褋褌褉邪薪薪褘泄 褟蟹褘泻
7袗,袩褟褌薪懈褑邪,7,袙袛 _ 袪芯褋褋懈褟
6袚,袩芯薪械写械谢褜薪懈泻,2,肖懈蟹懈褔械褋泻邪褟 泻褍谢褜褌褍褉邪
6袚,袩芯薪械写械谢褜薪懈泻,1,袪袨袙
6袚,袩芯薪械写械谢褜薪懈泻,3,袠褋褌芯褉懈褟
6袚,袩芯薪械写械谢褜薪懈泻,4,袦邪褌械屑邪褌懈泻邪
6袚,袩芯薪械写械谢褜薪懈泻,5,袪褍褋褋泻懈泄 褟蟹褘泻
6袚,袩芯薪械写械谢褜薪懈泻,6,袦褍蟹褘泻邪
6袚,袩芯薪械写械谢褜薪懈泻,7,袗薪谐谢懈泄褋泻懈泄 褟蟹褘泻
6袚,袩芯薪械写械谢褜薪懈泻,8,袙袛 _ 袨褋薪芯胁褘 锌械褉械胁芯写邪
6袚,袙褌芯褉薪懈泻,1,袗薪谐谢懈泄褋泻懈泄 褟蟹褘泻
6袚,袙褌芯褉薪懈泻,2,袚械芯谐褉邪褎懈褟
6袚,袙褌芯褉薪懈泻,3,袪褍褋褋泻懈泄 褟蟹褘泻
6袚,袙褌芯褉薪懈泻,4,袨袛袧袣袧袪
6袚,袙褌芯褉薪懈泻,5,袦邪褌械屑邪褌懈泻邪
6袚,袙褌芯褉薪懈泻,6,袥懈褌械褉邪褌褍褉邪
6袚,小褉械写邪,1,袠褋褌芯褉懈褟
6袚,小褉械写邪,2,袪褍褋褋泻懈泄 褟蟹褘泻
6袚,小褉械写邪,3,袪褍褋褋泻懈泄 褟蟹褘泻
6袚,小褉械写邪,4,袦邪褌械屑邪褌懈泻邪
6袚,小褉械写邪,5,孝械褏薪芯谢芯谐懈褟
6袚,小褉械写邪,6,袘懈芯谢芯谐懈褟
6袚,效械褌胁械褉谐,1,袦邪褌械屑邪褌懈泻邪
6袚,效械褌胁械褉谐,2,袧械屑械褑泻懈泄 褟蟹褘泻/肖褉邪薪褑褍蟹褋泻懈泄 褟蟹褘泻
6袚,效械褌胁械褉谐,3,袪褍褋褋泻懈泄 褟蟹褘泻
6袚,效械褌胁械褉谐,4,袥懈褌械褉邪褌褍褉邪
6袚,效械褌胁械褉谐,5,袨斜褖械褋褌胁芯蟹薪邪薪懈械
6袚,效械褌胁械褉谐,6,袠袟袨
6袚,效械褌胁械褉谐,7,
6袚,效械褌胁械褉谐,8,袙袛 _ 袪芯褋褋懈褟
6袚,袩褟褌薪懈褑邪,1,孝械褏薪芯谢芯谐懈褟
6袚,袩褟褌薪懈褑邪,2,袗薪谐谢懈泄褋泻懈泄 褟蟹褘泻
6袚,袩褟褌薪懈褑邪,3,袦邪褌械屑邪褌懈泻邪
6袚,袩褟褌薪懈褑邪,4,肖懈蟹懈褔械褋泻邪褟 泻褍谢褜褌褍褉邪
6袚,袩褟褌薪懈褑邪,5,袪褍褋褋泻懈泄 褟蟹褘泻
6袚,袩褟褌薪懈褑邪,6,袥懈褌械褉邪褌褍褉邪
6袚,袩褟褌薪懈褑邪,7,袙袛 _ 袗薪谐谢懈泄褋泻懈泄 褟蟹褘泻
6袙,袩芯薪械写械谢褜薪懈泻,2,袦邪褌械屑邪褌懈泻邪
6袙,袩芯薪械写械谢褜薪懈泻,1,袪袨袙
6袙,袩芯薪械写械谢褜薪懈泻,3,袨袛袧袣袧袪
6袙,袩芯薪械写械谢褜薪懈泻,4,袪褍褋褋泻懈泄 褟蟹褘泻
6袙,袩芯薪械写械谢褜薪懈泻,5,袥懈褌械褉邪褌褍褉邪
6袙,袩芯薪械写械谢褜薪懈泻,6,袗薪谐谢懈泄褋泻懈泄 褟蟹褘泻
6袙,袩芯薪械写械谢褜薪懈泻,7,肖懈蟹懈褔械褋泻邪褟 泻褍谢褜褌褍褉邪
6袙,袙褌芯褉薪懈泻,1,袦邪褌械屑邪褌懈泻邪
6袙,袙褌芯褉薪懈泻,2,袗薪谐谢懈泄褋泻懈泄  褟蟹褘泻
6袙,袙褌芯褉薪懈泻,3,袪褍褋褋泻邪褟 褟蟹褘泻
6袙,袙褌芯褉薪懈泻,4,袪褍褋褋泻懈泄 褟蟹褘泻
6袙,袙褌芯褉薪懈泻,5,袠袟袨
6袙,袙褌芯褉薪懈泻,6,孝械褏薪芯谢芯谐懈褟
6袙,袙褌芯褉薪懈泻,7,袙袛 _ 袗薪谐谢懈泄褋泻懈泄 褟蟹褘泻
6袙,小褉械写邪,1,孝械褏薪芯谢芯谐懈褟
6袙,小褉械写邪,2,袠褋褌芯褉懈褟
6袙,小褉械写邪,3,袧械屑械褑泻懈泄 褟蟹褘泻/肖褉邪薪褑褍蟹褋泻懈泄 褟蟹褘泻
6袙,小褉械写邪,4,袪褍褋褋泻懈泄 褟蟹褘泻
6袙,小褉械写邪,5,袥懈褌械褉邪褌褍褉邪
6袙,小褉械写邪,6,袦邪褌械屑邪褌懈泻邪
6袙,小褉械写邪,7,袙袛 _ 袪芯褋褋懈懈
6袙,效械褌胁械褉谐,1,袠褋褌芯褉懈褟
6袙,效械褌胁械褉谐,2,袦邪褌械屑邪褌懈泻邪
6袙,效械褌胁械褉谐,3,袪褍褋褋泻懈泄 褟蟹褘泻
6袙,效械褌胁械褉谐,4,袪褍褋褋泻懈泄 褟蟹褘泻
6袙,效械褌胁械褉谐,5,肖懈蟹懈褔械褋泻邪褟 泻褍谢褜褌褍褉邪
6袙,效械褌胁械褉谐,6,袦褍蟹褘泻邪
6袙,效械褌胁械褉谐,7,袙袛 _ 袨褋薪芯胁褘 锌械褉械胁芯写邪
6袙,袩褟褌薪懈褑邪,1,袚械芯谐褉邪褎懈褟
6袙,袩褟褌薪懈褑邪,2,袨斜褖械褋褌胁芯蟹薪邪薪懈械
6袙,袩褟褌薪懈褑邪,3,袗薪谐谢懈泄褋泻懈泄 褟蟹褘泻
6袙,袩褟褌薪懈褑邪,4,袦邪褌械屑邪褌懈泻邪
6袙,袩褟褌薪懈褑邪,5,袘懈芯谢芯谐懈褟
6袙,袩褟褌薪懈褑邪,6,袥懈褌械褉邪褌褍褉邪
6袘,袩芯薪械写械谢褜薪懈泻,1,袪袨袙
6袘,袩芯薪械写械谢褜薪懈泻,2,孝械褏薪芯谢芯谐懈褟
6袘,袩芯薪械写械谢褜薪懈泻,3,袦邪褌械屑邪褌懈泻邪
6袘,袩芯薪械写械谢褜薪懈泻,4,袪褍褋褋泻懈泄 褟蟹褘泻
6袘,袩芯薪械写械谢褜薪懈泻,5,袥懈褌械褉邪褌褍褉邪
6袘,袩芯薪械写械谢褜薪懈泻,6,袘懈芯谢芯谐懈褟
6袘,袩芯薪械写械谢褜薪懈泻,7,袦褍蟹褘泻邪
6袘,袙褌芯褉薪懈泻,1,肖懈蟹懈褔械褋泻邪褟 泻褍谢褜褌褍褉邪
6袘,袙褌芯褉薪懈泻,2,袗薪谐谢懈泄褋泻懈泄 褟蟹褘泻
6袘,袙褌芯褉薪懈泻,3,袦邪褌械屑邪褌懈泻邪
6袘,袙褌芯褉薪懈泻,4,袠袟袨
6袘,袙褌芯褉薪懈泻,5,袪褍褋褋泻懈泄 褟蟹褘泻
6袘,袙褌芯褉薪懈泻,6,袠褋褌芯褉懈褟
6袘,袙褌芯褉薪懈泻,7,
6袘,袙褌芯褉薪懈泻,8,袙袛 _ 袗薪谐谢懈泄褋泻懈泄 褟蟹褘泻
6袘,小褉械写邪,1,袪褍褋褋泻懈泄 褟蟹褘泻
6袘,小褉械写邪,2,袨斜褖械褋褌胁芯蟹薪邪薪懈械
6袘,小褉械写邪,3,袦邪褌械屑邪褌懈泻邪
6袘,小褉械写邪,4,肖懈蟹懈褔械褋泻邪褟 泻褍谢褜褌褍褉邪
6袘,小褉械写邪,5,袗薪谐谢懈泄褋泻懈泄 褟蟹褘泻
6袘,小褉械写邪,6,袥懈褌械褉邪褌褍褉邪
6袘,效械褌胁械褉谐,1,袪褍褋褋泻懈泄 褟蟹褘泻
6袘,效械褌胁械褉谐,2,袗薪谐谢懈泄褋泻懈泄 褟蟹褘泻
6袘,效械褌胁械褉谐,3,袦邪褌械屑邪褌懈泻邪
6袘,效械褌胁械褉谐,4,袚械芯谐褉邪褎懈褟
6袘,效械褌胁械褉谐,5,袪褍褋褋泻懈泄 褟蟹褘泻
6袘,效械褌胁械褉谐,6,袨袛袧袣袧袪
6袘,效械褌胁械褉谐,7,
6袘,效械褌胁械褉谐,8,袙袛 _ 袪芯褋褋懈懈
6袘,袩褟褌薪懈褑邪,1,袦邪褌械屑邪褌懈泻邪
6袘,袩褟褌薪懈褑邪,2,孝械褏薪芯谢芯谐懈褟
6袘,袩褟褌薪懈褑邪,3,袠褋褌芯褉懈褟
6袘,袩褟褌薪懈褑邪,4,袪褍褋褋泻懈泄 褟蟹褘泻
6袘,袩褟褌薪懈褑邪,5,袧械屑械褑泻懈泄 褟蟹褘泻/肖褉邪薪褑褍蟹褋泻懈泄 褟蟹褘泻
6袘,袩褟褌薪懈褑邪,6,袥懈褌械褉邪褌褍褉邪
6袘,袩褟褌薪懈褑邪,7,袙袛 _ 袨褋薪芯胁褘 锌械褉械胁芯写邪
6袗,袩芯薪械写械谢褜薪懈泻,1,袪袨袙
6袗,袩芯薪械写械谢褜薪懈泻,2,袗薪谐谢懈泄褋泻懈泄 褟蟹褘泻
6袗,袩芯薪械写械谢褜薪懈泻,3,袪褍褋褋泻懈泄 褟蟹褘泻
6袗,袩芯薪械写械谢褜薪懈泻,4,袪褍褋褋泻懈泄 褟蟹褘泻
6袗,袩芯薪械写械谢褜薪懈泻,5,袦邪褌械屑邪褌懈泻邪
6袗,袩芯薪械写械谢褜薪懈泻,6,袧械屑械褑泻懈泄 褟蟹褘泻/肖褉邪薪褑褍蟹褋泻懈泄 褟蟹褘泻
6袗,袩芯薪械写械谢褜薪懈泻,7,孝械褏薪芯谢芯谐懈褟
6袗,袩芯薪械写械谢褜薪懈泻,8,袙袛 _ 袗薪谐谢懈泄褋泻懈泄 褟蟹褘泻
6袗,袙褌芯褉薪懈泻,1,袚械芯谐褉邪褎懈褟
6袗,袙褌芯褉薪懈泻,2,袪褍褋褋泻懈泄 褟蟹褘泻
6袗,袙褌芯褉薪懈泻,4,袦邪褌械屑邪褌懈泻邪
6袗,袙褌芯褉薪懈泻,5,袨袛袧袣袧袪
6袗,袙褌芯褉薪懈泻,6,袦褍蟹褘泻邪
6袗,小褉械写邪,1,袪褍褋褋泻懈泄 褟蟹褘泻
6袗,小褉械写邪,2,袦邪褌械屑邪褌懈泻邪
6袗,小褉械写邪,3,孝械褏薪芯谢芯谐懈褟
6袗,小褉械写邪,4,袠褋褌芯褉懈褟
6袗,小褉械写邪,6,袗薪谐谢懈泄褋泻懈泄 褟蟹褘泻
6袗,小褉械写邪,5,袥懈褌械褉邪褌褍褉邪
6袗,小褉械写邪,7,袙袛 _ 袨褋薪芯胁褘 锌械褉械胁芯写邪
6袗,效械褌胁械褉谐,1,肖懈蟹懈褔械褋泻邪褟 泻褍谢褜褌褍褉邪
6袗,效械褌胁械褉谐,2,袪褍褋褋泻懈泄 褟蟹褘泻
6袗,效械褌胁械褉谐,3,袗薪谐谢懈泄褋泻懈泄 褟蟹褘泻
6袗,效械褌胁械褉谐,4,袦邪褌械屑邪褌懈泻邪
6袗,效械褌胁械褉谐,5,袥懈褌械褉邪褌褍褉邪
6袗,效械褌胁械褉谐,6,袘懈芯谢芯谐懈褟
6袗,效械褌胁械褉谐,7,
6袗,效械褌胁械褉谐,8,袙袛 _ 袪芯褋褋懈懈
6袗,袩褟褌薪懈褑邪,1,袪褍褋褋泻懈泄 褟蟹褘泻
6袗,袩褟褌薪懈褑邪,2,肖懈蟹懈褔械褋泻邪褟 泻褍谢褜褌褍褉邪
6袗,袩褟褌薪懈褑邪,3,袠袟袨
6袗,袩褟褌薪懈褑邪,4,袦邪褌械屑邪褌懈泻邪
6袗,袩褟褌薪懈褑邪,5,袠褋褌芯褉懈褟
6袗,袩褟褌薪懈褑邪,6,袥懈褌械褉邪褌褍褉邪
5袙,袩芯薪械写械谢褜薪懈泻,1,袪袨袙
5袙,袩芯薪械写械谢褜薪懈泻,2,袪褍褋褋泻懈泄 褟蟹褘泻
5袙,袩芯薪械写械谢褜薪懈泻,3,孝械褏薪芯谢芯谐懈褟
5袙,袩芯薪械写械谢褜薪懈泻,4,袥懈褌械褉邪褌褍褉邪
5袙,袩芯薪械写械谢褜薪懈泻,5,袦邪褌械屑邪褌懈泻邪
5袙,袩芯薪械写械谢褜薪懈泻,6,肖懈蟹懈褔械褋泻邪褟 泻褍谢褜褌褍褉邪
5袙,袙褌芯褉薪懈泻,1,袗薪谐谢懈泄褋泻懈泄 褟蟹褘泻
5袙,袙褌芯褉薪懈泻,2,袘懈芯谢芯谐懈褟
5袙,袙褌芯褉薪懈泻,3,袦邪褌械屑邪褌懈泻邪
5袙,袙褌芯褉薪懈泻,4,袠褋褌芯褉懈褟
5袙,袙褌芯褉薪懈泻,5,袪褍褋褋泻懈泄 褟蟹褘泻
5袙,袙褌芯褉薪懈泻,6,袚械芯谐褉邪褎懈褟
5袙,小褉械写邪,1,袧械屑械褑泻懈泄/肖褉邪薪褑褍蟹褋泻懈泄/袠褋锌邪薪褋泻懈泄
5袙,小褉械写邪,2,袦邪褌械屑邪褌懈泻邪
5袙,小褉械写邪,3,袨袛袧袣袧袪
5袙,小褉械写邪,4,袪褍褋褋泻懈泄 褟蟹褘泻
5袙,小褉械写邪,5,袦褍蟹褘泻邪
5袙,小褉械写邪,6,袥懈褌械褉邪褌褍褉邪
5袙,小褉械写邪,7,袙袛 _ 袗薪谐谢懈泄褋泻懈泄 褟蟹褘泻
5袙,效械褌胁械褉谐,1,袪褍褋褋泻懈泄 褟蟹褘泻
5袙,效械褌胁械褉谐,2,袦邪褌械屑邪褌懈泻邪
5袙,效械褌胁械褉谐,3,	 袧械屑械褑泻懈泄/肖褉邪薪褑褍蟹褋泻懈泄/袠褋锌邪薪褋泻懈泄
5袙,效械褌胁械褉谐,4,袠袟袨
5袙,效械褌胁械褉谐,5,袗薪谐谢懈泄褋泻懈泄 褟蟹褘泻
5袙,效械褌胁械褉谐,6,袥懈褌械褉邪褌褍褉邪
5袙,效械褌胁械褉谐,7,袙袛 _ 袗薪谐谢懈泄褋泻懈泄 褟蟹褘泻
5袙,效械褌胁械褉谐,8,袙袛 _ 袗薪谐谢懈泄褋泻懈泄 褟蟹褘泻
5袙,袩褟褌薪懈褑邪,1,袠褋褌芯褉懈褟
5袙,袩褟褌薪懈褑邪,2,袪褍褋褋泻懈泄 褟蟹褘泻
5袙,袩褟褌薪懈褑邪,3,肖懈蟹懈褔械褋泻邪褟 泻褍谢褜褌褍褉邪
5袙,袩褟褌薪懈褑邪,4,袦邪褌械屑邪褌懈泻邪
5袙,袩褟褌薪懈褑邪,5,孝械褏薪芯谢芯谐懈褟
5袙,袩褟褌薪懈褑邪,6,袗薪谐谢懈泄褋泻懈泄 褟蟹褘泻
5袙,袩褟褌薪懈褑邪,7,袙袛 _ 袗薪谐谢懈泄褋泻懈泄 褟蟹褘泻
5袘,袩芯薪械写械谢褜薪懈泻,1,袪袨袙
5袘,袩芯薪械写械谢褜薪懈泻,2,袪褍褋褋泻懈泄 褟蟹褘泻
5袘,袩芯薪械写械谢褜薪懈泻,3,袧械屑械褑泻懈泄/肖褉邪薪褑褍蟹褋泻懈泄/袠褋锌邪薪褋泻懈泄
5袘,袩芯薪械写械谢褜薪懈泻,4,袦邪褌械屑邪褌懈泻邪
5袘,袩芯薪械写械谢褜薪懈泻,5,袥懈褌械褉邪褌褍褉邪
5袘,袩芯薪械写械谢褜薪懈泻,6,孝械褏薪芯谢芯谐懈褟
5袘,袩芯薪械写械谢褜薪懈泻,7,袠褋褌芯褉懈褟
5袘,袩芯薪械写械谢褜薪懈泻,8,袙袛 _ 袗薪谐谢懈泄褋泻懈泄 褟蟹褘泻
5袘,袙褌芯褉薪懈泻,1,袪褍褋褋泻懈泄 褟蟹褘泻
5袘,袙褌芯褉薪懈泻,2,肖懈蟹懈褔械褋泻邪褟 泻褍谢褜褌褍褉邪
5袘,袙褌芯褉薪懈泻,3,袥懈褌械褉邪褌褍褉邪
5袘,袙褌芯褉薪懈泻,4,袦邪褌械屑邪褌懈泻邪
5袘,袙褌芯褉薪懈泻,5,袗薪谐谢懈泄褋泻懈泄 褟蟹褘泻
5袘,小褉械写邪,1,袠褋褌芯褉懈褟
5袘,小褉械写邪,2,袠袟袨
5袘,小褉械写邪,3,袪褍褋褋泻懈泄 褟蟹褘泻
5袘,小褉械写邪,4,袨袛袧袣袧袪
5袘,小褉械写邪,5,袦邪褌械屑邪褌懈泻邪
5袘,小褉械写邪,6,袗薪谐谢懈泄褋泻懈泄 褟蟹褘泻
5袘,效械褌胁械褉谐,1,袪褍褋褋泻懈泄 褟蟹褘泻
5袘,效械褌胁械褉谐,2,袦邪褌械屑邪褌懈泻邪
5袘,效械褌胁械褉谐,3,袦褍蟹褘泻邪
5袘,效械褌胁械褉谐,4,袘懈芯谢芯谐懈褟
5袘,效械褌胁械褉谐,5,肖懈蟹懈褔械褋泻邪褟 泻褍谢褜褌褍褉邪
5袘,效械褌胁械褉谐,6,袚械芯谐褉邪褎懈褟
5袘,效械褌胁械褉谐,7,袙袛 _ 袗薪谐谢懈泄褋泻懈泄 褟蟹褘泻
5袘,袩褟褌薪懈褑邪,1,袧械屑械褑泻懈泄/肖褉邪薪褑褍蟹褋泻懈泄/袠褋锌邪薪褋泻懈泄
5袘,袩褟褌薪懈褑邪,2,袪褍褋褋泻懈泄 褟蟹褘泻
5袘,袩褟褌薪懈褑邪,3,袗薪谐谢懈泄褋泻懈泄 褟蟹褘泻
5袘,袩褟褌薪懈褑邪,4,袥懈褌械褉邪褌褍褉邪
5袘,袩褟褌薪懈褑邪,5,袦邪褌械屑邪褌懈泻邪
5袘,袩褟褌薪懈褑邪,6,孝械褏薪芯谢芯谐懈褟
5袗,袩芯薪械写械谢褜薪懈泻,1,袪袨袙
5袗,袩芯薪械写械谢褜薪懈泻,2,袦邪褌械屑邪褌懈泻邪
5袗,袩芯薪械写械谢褜薪懈泻,3,袠褋褌芯褉懈褟
5袗,袩芯薪械写械谢褜薪懈泻,4,袗薪谐谢懈泄褋泻懈泄 褟蟹褘泻
5袗,袩芯薪械写械谢褜薪懈泻,5,袪褍褋褋泻懈泄 褟蟹褘泻
5袗,袩芯薪械写械谢褜薪懈泻,6,袥懈褌械褉邪褌褍褉邪
5袗,袙褌芯褉薪懈泻,1,袨袛袧袣袧袪
5袗,袙褌芯褉薪懈泻,2,袪褍褋褋泻懈泄 褟蟹褘泻
5袗,袙褌芯褉薪懈泻,3,袠褋褌芯褉懈褟
5袗,袙褌芯褉薪懈泻,4,袦邪褌械屑邪褌懈泻邪
5袗,袙褌芯褉薪懈泻,5,袗薪谐谢懈泄褋泻懈泄 褟蟹褘泻
5袗,袙褌芯褉薪懈泻,6,袧械屑械褑泻懈泄/肖褉邪薪褑褍蟹褋泻懈泄/袠褋锌邪薪褋泻懈泄
5袗,袙褌芯褉薪懈泻,7,袙袛 _ 袗薪谐谢懈泄褋泻懈泄 褟蟹褘泻
5袗,小褉械写邪,1,袘懈芯谢芯谐懈褟
5袗,小褉械写邪,2,袧械屑械褑泻懈泄/肖褉邪薪褑褍蟹褋泻懈泄/袠褋锌邪薪褋泻懈泄
5袗,小褉械写邪,3,袦邪褌械屑邪褌懈泻邪
5袗,小褉械写邪,4,袪褍褋褋泻懈泄 褟蟹褘泻
5袗,小褉械写邪,5,袥懈褌械褉邪褌褍褉邪
5袗,小褉械写邪,6,孝械褏薪芯谢芯谐懈褟
5袗,效械褌胁械褉谐,1,袪褍褋褋泻懈泄 褟蟹褘泻
5袗,效械褌胁械褉谐,2,袥懈褌械褉邪褌褍褉邪
5袗,效械褌胁械褉谐,3,肖懈蟹懈褔械褋泻邪褟 泻褍谢褜褌褍褉邪
5袗,效械褌胁械褉谐,4,袦邪褌械屑邪褌懈泻邪
5袗,效械褌胁械褉谐,5,孝械褏薪芯谢芯谐懈褟
5袗,效械褌胁械褉谐,6,袗薪谐谢懈泄褋泻懈泄 褟蟹褘泻
5袗,效械褌胁械褉谐,7,袙袛 _ 袗薪谐谢懈泄褋泻懈泄 褟蟹褘泻
5袗,袩褟褌薪懈褑邪,1,袪褍褋褋泻懈泄 褟蟹褘泻
5袗,袩褟褌薪懈褑邪,2,袦邪褌械屑邪褌懈泻邪
5袗,袩褟褌薪懈褑邪,3,袚械芯谐褉邪褎懈褟
5袗,袩褟褌薪懈褑邪,4,袠袟袨
5袗,袩褟褌薪懈褑邪,5,肖懈蟹懈褔械褋泻邪褟 泻褍谢褜褌褍褉邪
5袗,袩褟褌薪懈褑邪,6,袦褍蟹褘泻邪
5袗,袩褟褌薪懈褑邪,7,袙袛 _ 袨袟
